,0
0,Here Comes The Boom
1,Upin Dan Ipin: Jeng…
2,Rab Ne Bana Di Jodi
3,There's Something About Mary
4,Jerry Maguire
5,Byomkesh Pawrbo
6,The Great Wall
7,Flicka: Country Pride
8,Ek Thi Mariam
9,Philomena
10,Forrest Gump
11,Zookeeper
12,Namastey London
13,Shrek Forever After
14,The Accountant
15,Pink
16,Al Harami W El Aabit
17,Will You Be There
18,Mohenjo Daro
19,Star Wars: Episode II - Attack of the Clones
20,Shivaay
21,Ta Ra Rum Pum
22,Ya Rab Walad
23,Resham Ki Dori
24,Justice League Dark
25,The Wrong Man
26,The Map Against The World
27,Awakening the Zodiac 
28,Power Rangers Trailer
29,In This Corner of The…
30,Citylights
31,Kotigobba 2
32,The Equalizer
33,Enemies In-Law 
34,Revolutionary Road
35,Mr and Mrs Smith
36,The Wasted Times 
37,Abdo Mouta
38,Groundhog Day
39,Munthirivallikal Thalir…
40,Awakenings
41,The Fault in Our Stars
42,Alvin and the Chipmunks: Chipwrecked
43,Nahr El Hob
44,The Traveller Trailer 
45,Hook
46,Mein Blind Date mit dem…
47,Ae Dil Hai Mushkil
48,Jyo Achyutananda
49,Father of the Bride
50,Dharma Durai
51,Gangster Squad
52,Take The Lead
53,Man from the Snowy River
54,The Lord of the Rings: Return of the King
55,"Alexander And The Terrible, Horrible, No Good, Very Bad Day"
56,Man on Fire
57,Bent Al Mashatah
58,Suli
59,Lego DC Comics Super Heroes: Justice League vs. Bizarro League
60,Hidden Figures
61,Ice Age: Collision Course
62,Jasper Jones
63,Confidential Assignment 
64,Monsieur & Madame Adel…
65,500 Days of Summer
66,Finding Nemo
67,Pelli Choopulu
68,Chak De! India
69,The Hobbit: The Battle of the Five Armies
70,The Long Excuse
71,English Babu Desi Mem
72,Kuttrame Thandanai
73,Majnu
74,Analyze That
75,The Ox-Bow Incident
76,You've Got Mail
77,Happy Feet Two
78,U Me Aur Hum
79,Jab Pyaar Kisise Hota...
80,Janaan
81,Lights Out (2016)
82,The Age of Shadows 
83,Andaleeb El Dokki
84,Dear Zindagi
85,Rocky Handsome
86,Operation Mekong
87,Band Baaja Baaraat
88,Westworld
89,Red Riding Hood
90,Chakravyuha
91,Elysium
92,Vince & Kath & James
93,Bachaana
94,Veerappan
95,Poush Masher Pirit
96,Mathaf Al Shamea
97,Bighamdet Ain Trailer
98,Voyage to the Bottom of the Sea
99,Rock On 2
100,The Lord of the Rings: The Fellowship of the Ring
101,Ya Ana Ya Howa
102,Passengers 
103,Rogue One: A Star Wars Story - Audio Description
104,The Good Dinosaur
105,Hancock
106,Housefull
107,Amirat El Arab
108,La Mecanique de L’Ombre
109,Sultan
110,Meet Me In St Louis
111,Crosscurrent
112,Win Win
113,Melbourne Rewind 
114,The Judge
115,Sawalef Taffash: Halamaya Island
116,Star Wars Episode VII - The Force Awakens
117,The Adventures of Elmo in Grouchland
118,Haripad Bandwala
119,Brave
120,Still Alice
121,Demain Tout Commence
122,Traffic
123,Alice in Wonderland (1951)
124,Hugo
125,Shrek the Third
126,Love Punjab
127,Ulath Ekai Pilath Ekai
128,Table 19
129,The Adventures of Tintin
130,Pad na jou Hart
131,Hasan W Bokloz
132,El Thaman
133,La Tasaalny Man Ana
134,Star Wars: Episode I - The Phantom Menace
135,Museum
136,Aatishbaazi Ishq
137,On the Town
138,My Rebound Girl
139,"I, Daniel Blake"
140,Lego Scooby-Doo!: Haunted Hollywood
141,Did You Hear About The Morgans?
142,Apekalaye Patachara
143,A Paying Ghost
144,Runaway Jury
145,Strangers On A Train
146,Olanlar Oldu
147,Keanu
148,Assassin's Creed 
149,Lahn El Kholoud
150,Bajrangi Bhaijaan
151,Parental Guidance
152,The Legend of Tarzan
153,A Bug's Life
154,Lost And Found
155,The LEGO Batman Movie - Audio Description
156,Lelat Al Zefaf 
157,Alam Mudhek Jeddan
158,Lego DC Comics Superheroes: Justice League - Gotham City Breakout
159,Gawaza Meery 
160,Star Wars: Episode VI - The Return of the Jedi
161,Fist Fight - Audio Description
162,Taste of What's Onboard
163,De Dana Dan
164,Suicide Squad
165,Tim Burton's Corpse Bride
166,Srirastu Subhamastu
167,Conni & Co 
168,Mulan
169,Hidden Figures - Audio Description
170,Sultanat
171,Men of Honor
172,Raja Mamai
173,Suddenly Seventeen 
174,Storks
175,Cats & Dogs 2: The Revenge of Kitty Galore
176,Beauty and the Beast - Audio Description
177,Teri Meri Kahani
178,YZ
179,The Tigger Movie
180,Logan
181,Kyon Ki...
182,Master Of The Drunken…
183,Hello Dolly!
184,Oru Muthassi Gadha
185,100 Streets
186,Nine to Five
187,X-Men: Days of Future Past
188,War Dogs
189,One Way Ticket
190,Solitaire
191,Hanky Panky 
192,Superstar
193,Analyze This
194,365 Youm Saada
195,Eine unerhörte Frau
196,The Transporter
197,Ezay Ansak
198,Al Arees Yasel Ghadan
199,Jurmana (1979)
200,Dr. Strangelove
201,How to Train Your Dragon 2
202,Kollektor
203,Rustom
204,"Monsters, Inc."
205,Al Lemby 8 Gega
206,Fever Pitch
207,Dulla Bhatti
208,North By Northwest
209,Chauranga
210,Dulha Mil Gaya
211,John Wick
212,Coming Through The Rye
213,Ratatouille
214,Oz the Great and Powerful
215,Görümce
216,Double Feluda
217,The Aristocats
218,M.S.Dhoni: The Untold...
219,My Darling Clementine
220,Seeta Aur Geeta
221,Mohabbatein
222,Khoobsurat (1999)
223,Into the Storm
224,Angrej
225,Me Before You
226,La Folle Histoire de Max…
227,"Baby, Baby, Baby"
228,Ek Villain
229,Eat Pray Love
230,Alice in Wonderland
231,Seven Pounds
232,AIBOU THE MOVIE IV 
233,"Schatz, Nimm Du Sie!"
234,Catwoman
235,El Hombre de las Mil Caras
236,Gentleman
237,Ateej Trailer
238,The Baby-Sitters Club
239,If I Stay
240,Surf's Up
241,Omar W Salma 2
242,Ashan Khargeen Trailer
243,Lego DC Super Heroes: Justice League - Attack of the Legion of Doom!
244,Saving Mr. Banks
245,Bolt
246,Knight and Day
247,Dabangg 2
248,Taxi Ballad
249,A Flying Jatt
250,Kanha
251,Rogue One: A Star Wars Story 
252,Shriman Shrimati
253,Banjo
254,Beijing New York
255,Tarzan
256,Les Enfants De La Chance
257,Kong: Skull Island
258,Hope Floats
259,Warrior
260,Chicken Run
261,Ab Tak Chhappan
262,Star Wars: Episode IV - A New Hope
263,The Fox and the Hound
264,Eagoler Chokh
265,Cars 2
266,Underworld: Blood Wars 
267,SMS für Dich 
268,Breakfast at Tiffany's
269,X-Men: Apocalypse
270,Matchstick Men
271,Salt
272,Jaanwar (1965)
273,War for the Planet of the Apes Trailer
274,Office Space
275,Pulimurugan
276,Bad Day at Black Rock
277,The Game Changer 
278,Asal Abyad
279,Railroad Tigers 
280,An
281,Spirit: Stallion of the Cimarron 
282,Grumpy Old Men
283,The Darjeeling Limited
284,Labyrinth
285,The Vow
286,Hana's Miso Soup
287,The Lucky One
288,Fata Ahlamy
289,Andaaz
290,Marmaduke
291,Romeo & Radhika
292,Gifted
293,The Philadelphia Story 
294,Guppy
295,Minority Report
296,When Monaliza Smiled
297,Billy Lynn's Long Halftime Walk
298,Al Shumouh Al Sawdaa
299,Chameli Ki Shaadi
300,Smetto Quando Voglio…
301,Never Said Goodbye 
302,xXx: Return of Xander Cage - Audio Description
303,Black Beauty
304,Welaane 
305,Ethaeet Hob
306,Ramji Londonwaley
307,Beauty and the Beast (2017)
308,A.I. Artificial Intelligence
309,A League of Their Own
310,Naqaab
311,Vivah
312,DEATH NOTE: The Last Name
313,X-Large
314,Live By Night
315,The Mice Room
316,One 2 Ka 4
317,Lords of Dogtown
318,Batman
319,Stand By Me
320,Little Miss Sunshine
321,It Happened One Night
322,The Lost City of Z
323,Sense and Sensibility
324,Sunday 
325,Fantastic Mr Fox
326,Collateral Beauty 
327,Inferno
328,Chieri and Cherry 
329,In Her Shoes
330,Honnouji Hotel 
331,Snatched Trailer
332,Sunday
333,Kaun Kitne Paani Mein
334,Thai Jashe!
335,Force 2
336,Poor Little Rich Girl
337,I Am Not Madame Bovary 
338,Sairat
339,Meet Dave
340,Embratoreyat Meem
341,Bashtery Ragel Trailer
342,Mohua Sundori
343,Kabali
344,Eedo Rakam Aado Rakam
345,Kammatipaadam
346,Chennai 600028 II
347,Man of Steel
348,Ek Cup Cha
349,The Avengers
350,Aandavan Kattalai
351,Percy Jackson & The Olympians: The Lightning Thief
352,In Time
353,Gilberts grusomme hevn
354,Bhalobasha Emon E Hoy
355,Al Moumya'a
356,Surf's Up 2: Wave Mania
357,Aladin
358,DEATH NOTE Light Up The…
359,Toy Story 3
360,Hemanta
361,Kong: Skull Island -  Audio Description
362,Going In Style Trailer
363,Dial M For Murder
364,Resident Evil: The Final Chapter
365,Unknown
366,Destination 2
367,Morgan
368,"Let’s Go,  JETS! "
369,Toy Story 2
370,The Tourist
371,John Wick: Chapter 2
372,Alien: Covenant Trailer
373,Monster House
374,The Boss Baby
375,Jersey Boys
376,Life of Pi
377,Must Be...Love
378,M.S.Dhoni: The Untold S..
379,Must Love Dogs
380,Spare Tyre
381,Cook Up A Storm 
382,Atousa's Laughter 
383,Appaloosa
384,Dukun Doktor Dani
385,Daav Thai Gayo Yaar
386,How to Train Your Dragon
387,Water for Elephants
388,The Hobbit: The Desolation of Smaug 
389,Monsters University
390,Al Dealer
391,My Korean Teacher 
392,Saber Google
393,Grapes of Wrath
394,Baar Baar Dekho
395,Gudgudee
396,The Last Dragonslayer 
397,Kung Fu Jungle 
398,"Murder, She Baked: Just Desserts"
399,Split 
400,Bobby Jasoos
401,Miss Peregrine's Home for Peculiar Children
402,Kidaari
403,Whatever Happened to Baby Jane
404,Jack the Giant Slayer
405,Love Express
406,Main Teri Tu Mera
407,Star Wars: Episode III - Revenge of the Sith
408,Madeline
409,Desi Munde
410,The Space Between
411,Lisa 
412,xXx: Return of Xander Cage
413,Show Me Your Love 
414,Star Wars: Episode V - The Empire Strikes Back
415,Swan Princess: Royally Undercover
416,Up
417,Shaket Dabous
418,My Annoying Brother 
419,Daddy Day Care
420,Toy Story
421,Bairavaa
422,Fayeq W Rayeq
423,100 Metros
424,Listen... Amaya
425,The Seven Year Itch
426,Weerawarna
427,Victoria
428,The Foreign Son 
429,Akira
430,Citizen Kane
431,Super Didi
432,Iraivi
433,Lilo & Stich
434,Sarkar 3 Trailer
435,Mimosas
436,Die Nacht der 1000 Stunden
437,OK Jaanu... Trailer
438,The Rainbow
439,WALL-E
440,Radin!
441,Vier gegen die Bank 
442,Barbershop: The Next Cut
443,"To Sir, With Love"
444,The Lord of the Rings: The Two Towers
445,Cars
446,The Devil Wears Prada
447,The LEGO Batman Movie
448,Romancing the Stone 
449,Li Anni Bhebak
450,Kahaani 2
451,Rajaji
452,CHIPS -  Audio Description
453,Gulliver's Travels
454,Al Raeea Wal Nisaa
455,Two Lovers and a Bear
456,Fantastic Beasts and Where to Find Them
457,Happy Feet
458,Alf Mabrook
459,Kings Bay
460,Was Hat Uns Bloss So…
461,Duckweed
462,Annmariya Kalippilannu
463,Yaraana
464,Max 2: White House Hero -  Audio Description
465,"Derzhi udar, detka!"
466,Live By Night - Audio Description
467,Beauty and the Beast (1991)
468,My Ex & Whys
469,Kodi
470,Sky On Fire 
471,Fist Fight
472,La La Land
473,Rough Book
474,Kaf El Qamar
475,DEATH NOTE
476,Madaari
477,Wilson
478,Kill 'Em All
479,Fares Bani Hamdan
480,﻿Long Title
481,Ismaeel Yaseen Fil Ostool
482,IDI
483,Gold
484,Cocoon
485,Collateral Beauty - Audio Description
486,Batman v Superman: Dawn of Justice
487,Absolutely Fabulous: The Movie
488,Shrek 2
489,No Reservations
490,Rio 2
491,Jupiter Ascending
492,John Jani Janardhan
493,Stuart Little
494,Budhia Singh - Born To...
495,Satoshi : A Move for…
496,"10,000 Miles "
497,Rear Window
498,Humpty Sharma Ki Dulhania
499,Peggy Sue Got Married
500,Made In Egypt
501,The Conjuring 2
502,Duma
503,Pirates! Band of Misfits
504,Her Love Boils Bathwater
505,Psycho
506,Before Sunrise
507,Freaky Friday (2003)
508,Bogan
509,Max 2: White House Hero
510,Tomar Jonno
511,The Day The Earth Stood Still
512,Solaris
513,"So, I Married My Anti-fan"
514,Cats & Dogs
515,Shrek
516,Filhaal
517,Freaky Ali
518,Driving Miss Daisy
519,Trolls
520,Mardaani
521,Marley and Me
522,Life (2017)
523,Vanishing Time: A Boy…
524,Vir Altyd
525,Aswar El Qamar
526,The East
527,Thoppil Joppan
528,All You Need Is Pag-ibig 
529,Sleepless
530,The Incredibles
531,Abu Shanab
532,Kongens nei 
533,Fantastic Beasts and Where to Find Them 
534,Sunshine
535,Welcome To Central Jail
536,Inside Out
537,Lego DC Comics Super Heroes: Justice League - Cosmic Clash
538,Men 30 Sana
539,Fly Away Home
540,Achcham Yenbadhu M..
541,Matilda
542,King Liar
543,Independence Day: Resurgence
544,Sujata Putra
545,What's Up Doc?
546,Merati W Zawgati
547,The Edge of Seventeen
548,Santhu Straight Forward
549,Whiplash
550,Tooth Fairy
551,Sage Femme 
552,Max W Antar
553,Jaheem Fi El Hind
554,Wall Street: Money Never Sleeps
555,Badlapur
556,The Hobbit: An Unexpected Journey
557,Romance Complicated
